LOC_ID,RADIUS,X,Y
19,0.0,99.5134875291,18.324553963
24,0.0,103.1681683075,15.9974850625
3,0.0,100.62442610470002,13.7718315472
64,0.0,100.5446988627,6.934941446200001
67,0.0,99.0871994043,9.050003011
7,0.0,100.02611522930002,15.131616956099998
73,0.0,102.86772783360001,17.4236495893
