LOC_ID,RADIUS,X,Y
1,0.4005671294,104.7422192707,15.8901797146
43,0.0,99.6193674015,12.9465440601
62,0.0,104.3713887776,14.8559466522
