LOC_ID,RADIUS,X,Y
24,0.7164459254999999,103.1681683075,15.9974850625
54,0.0,103.8163921939,15.9181321002
8,0.8488274025,101.8197264439,16.030105225
