LOC_ID,RADIUS,X,Y
14,2.5036147888,103.6240180805,16.6260533213
