LOC_ID,RADIUS,X,Y
14,2.5011071598270003,103.6240180805,16.6260533213
