LOC_ID,RADIUS,X,Y
14,2.4884170374484853,103.6240180805,16.6260533213
28,3.8802073817,104.4305794979,17.387438923
