LOC_ID,RADIUS,X,Y
24,0.7164459255,103.1681683075,15.9974850625
