LOC_ID,RADIUS,X,Y
60,0.0,101.015395219,14.6285333043
