LOC_ID,RADIUS
11,1.7789932667888888
20,0.7087344987
23,2.1072438141
33,0.6628232715
42,0.0
57,1.0304324144
72,0.8104832263
