LOC_ID,RADIUS
16,0.0
23,0.0
39,4.9985324928
51,3.6737991761
69,0.0
